<?xml version="1.0" encoding="UTF-8"?>
<site>
   <feature url="features/br.ufpe.ines.decode.feature_1.0.0.qualifier.jar" id="br.ufpe.ines.decode.feature" version="1.0.0.qualifier">
      <category name="Decode"/>
   </feature>
   <feature url="features/br.ufpe.ines.decode.observer.feature_1.0.0.qualifier.jar" id="br.ufpe.ines.decode.observer.feature" version="1.0.0.qualifier">
      <category name="Observer"/>
   </feature>
   <category-def name="Decode" label="Decode"/>
   <category-def name="Observer" label="Observer"/>
</site>
